customer_id,churn_prediction,churn_probability
767114958,0,4.478318176293305e-05
708123033,0,0.0008520369231408476
715424283,0,0.0017568478836403163
717865008,0,6.92461663323176e-05
710188308,0,0.0005603755341503609
716574033,0,6.585429739626142e-05
713183508,0,6.404124776409169e-05
718583133,0,0.0004963980926725623
783554958,0,0.0003993706462897089
714418158,0,3.62011367781986e-05
710061783,1,0.9993580028411008
716225433,0,0.00031723700614660303
788327358,0,0.00013079667043547265
714847983,0,4.976888546757774e-05
720031908,0,0.00010482411541788618
713700258,0,8.632314261757416e-05
721265883,0,0.0039123213836120985
715321008,1,0.9996676566214779
717831783,0,0.00037869823197248735
711480108,0,0.0003469513905642276
797638383,0,4.7295764326496124e-05
709950858,0,6.0223002541677056e-05
717060858,1,0.9998304702890106
716045508,0,0.0031953621829994847
787482033,1,0.9971408981588481
719601708,0,9.699784810540668e-05
717683583,0,9.837282373486123e-05
813905508,0,0.00034648574406758847
769985883,0,0.2280191186508954
718927533,0,0.0006078973217194519
784868958,0,0.0003525451745025206
787539333,0,0.00011128251657780303
789871233,0,0.00010323883586430159
826061508,0,0.0004531202430693897
716354883,1,0.9997083440995872
717678408,0,0.0003836039314757182
715341858,0,0.00037242851481258585
713003358,1,0.9997826490350046
713374533,0,0.00028342095898386584
709985133,0,0.0018288514341831229
771204108,0,5.765735601864182e-05
713758758,0,0.0005402687236652264
709453833,0,0.0001311838073641434
713227233,0,0.00011187419080747527
714967233,1,0.9711564936413357
714358008,0,0.000650340997753011
779514558,0,0.00042567633262230475
794498733,0,0.0001297954613162564
793015083,0,8.688004038878292e-05
789212883,1,0.9998666846183604
718677858,0,0.0004902141227207193
713675658,0,0.0003400627574707326
719523108,0,0.0005651132241352198
708390633,0,0.0004463685856404112
715098333,0,0.00011696109619156518
712060158,0,0.00010281240498583694
716831508,0,0.004474585051991683
778172583,0,0.0003501143262705698
789430083,0,9.293087795070932e-05
709996833,1,0.9940980986560213
708890133,0,0.001170704444394716
773332908,0,4.6465469484813544e-05
715870758,0,0.00022489548537837846
789363408,0,0.0001556495382359371
779118708,0,6.95423843070336e-05
710544033,0,3.0069955225546976e-05
717500133,0,0.00044421312886735954
712046808,1,0.9917011529184833
815484783,0,5.499576730455874e-05
713843283,0,5.2788285285868324e-05
717260058,0,0.0012839185451527626
773383158,0,0.00019187332431688968
711041508,0,0.00036931874271478355
816843933,0,6.676984549405591e-05
715043508,0,0.00021144107533534388
717241233,0,0.00023725020721694902
717521508,0,0.00019725691486568813
708331758,0,0.00040978706908546375
715571583,0,0.0001155541341509564
711146358,0,0.0006493055881698574
789594108,0,0.00037347642670173365
779327733,0,0.00024054535621940244
711391308,0,4.597023043794914e-05
718994583,0,0.0008593492418285467
718212633,0,3.2547374678757135e-05
711861258,0,0.0007953765890438785
718123608,0,6.316462487077595e-05
718958583,1,0.9919218396166898
772207683,0,0.00044024741782117707
719629308,1,0.8985936036736363
708303108,0,0.001008985838889136
788957358,0,0.00019024904428393223
708727983,0,0.0017253692992686921
714217908,0,0.006182103036072752
708928908,0,0.003138141885700841
712411908,0,0.00020429011902012303
771075258,0,0.0006722666341740086
717866133,0,9.572890120421621e-05
713652783,0,0.002570825037244407
714076683,1,0.9997683472191188
803963808,0,0.0007090323103789034
778968408,0,0.00011988420419030942
720064158,0,9.126930415079081e-05
778921908,0,8.338336624839553e-05
770878458,0,0.00015189832120258756
786087633,0,0.00033685023076530896
788752833,0,0.0013033452863862726
766006758,0,0.0007431762431966793
710342508,0,0.00019481661118326153
711422358,0,0.00024226191698285653
778574283,0,0.0001369671318743385
709987683,1,0.9999810891914889
821168733,0,4.116915489745407e-05
717765183,0,8.670204296824658e-05
708723858,0,0.00016790211817261473
720618033,0,0.0003436902422013897
718899708,0,0.0004559553257457587
716437533,0,0.0017618493540009262
717491058,0,0.0005275058519946165
711029358,0,0.0027738356418798658
716768808,0,0.00014951391121943356
801056358,0,4.702923789670673e-05
779210283,0,0.00013301280401716804
718441308,0,2.67195776897103e-05
713241033,0,0.0014707553728297849
711064008,0,0.0011075646196057028
772137183,1,0.9990981245863084
788739633,1,0.995521681659338
708953883,1,0.9998407528988444
716549058,0,0.00027589763342780244
824789283,0,0.0001620253469695259
788252358,0,1.9473496901651798e-05
819752133,0,9.43554340145789e-05
716944983,0,0.002049322217346399
716545383,0,0.0007772156616786182
720836808,0,7.373689910912241e-05
783361533,0,5.711642142689609e-05
710893533,0,0.0014768574397567812
709793133,0,0.0010251642273653768
716609433,1,0.9975684730334484
715222533,1,0.9991373172449995
713597658,1,0.9918512131429076
720837708,0,0.0005148427344163844
786546783,0,0.04981134703114473
778747608,0,0.00019825653541835598
801385458,0,8.845147768292953e-05
720844008,0,7.446703870152423e-05
754443033,1,0.9995169076449693
799486158,0,5.297168775178454e-05
798140283,0,0.002993539506491877
772036233,0,0.0010549691134039206
711427458,0,0.13799432745949736
712727283,0,0.00023909924717616956
710754933,1,0.9995900659503905
709938708,0,2.745941692451852e-05
710831133,0,0.0035851601660876623
715570533,1,0.9988546212890594
794576058,0,0.00014537515863002873
786557358,0,0.0003693325627429349
708212658,0,0.00042328411065503777
818993508,0,3.906302882836637e-05
718466883,0,4.698014228498009e-05
717085983,0,0.0019382542888452662
709986633,0,0.00016662922152472216
779348358,1,0.9993307447558437
752944533,0,0.0041629913007221325
712340733,0,0.0006534997142039691
814459833,0,0.003811609317466144
718373658,0,5.2365966440862895e-05
771359958,0,0.0005993236971105513
779198133,0,8.980823957120966e-05
788618208,0,0.000444607222379298
712288158,0,0.0007140182673351943
711838008,1,0.9991682001430244
710202783,0,6.095102836574247e-05
771976683,0,0.0038279572546347064
716176683,0,0.0002866799093090377
711278283,0,0.0009278297947061856
715019883,0,0.0019462145603948739
720292983,0,0.0001163176975042084
716498883,0,0.0002600125151911117
713798958,0,0.0004656223487294983
716939358,0,0.00032255668213862715
709005633,1,0.9995753122413664
795573333,0,2.4491027324500077e-05
771069033,0,4.7033635822024725e-05
801709308,0,6.175072718753009e-05
716345283,0,0.0004081655368074465
714835833,0,0.0001944791773110647
779783508,0,6.710417367191611e-05
825767658,0,0.00010691448910595055
717575958,1,0.9996136690531309
720753183,0,0.0005729093810723547
711766758,0,0.00023135666865447003
711397533,0,7.995564140127322e-05
767058183,0,0.0003341200658411318
788864508,0,0.00032529426316698187
778377183,0,0.00023116179531260827
710844408,0,0.000568923078185996
714919308,1,0.9997494988732816
708874533,1,0.9998709418261074
778356408,0,5.9224269056675635e-05
769035933,0,5.143708485694633e-05
771228183,0,0.00023041782257462822
772539558,0,0.0006049897823658078
714045783,1,0.9997773682581501
809797158,0,0.0010316265443947393
719531133,0,0.0031018308729277902
719192808,0,0.00011992362626746651
720662508,0,0.0002800105336083195
820848408,0,1.6622196799660035e-05
712412958,0,0.0006865932801155318
778984383,0,6.153116954010052e-05
712865583,0,2.8598011000014152e-05
819997983,0,0.00012310431042840316
718301508,0,0.00020354495435461717
789197508,0,0.001956819731692065
809459733,0,0.0004989829885100113
813901458,0,0.00016068200619207739
772360683,0,0.0005186053578369032
779725833,0,9.309246476849663e-05
712996833,0,8.347940165126196e-05
779681433,1,0.959923691431156
787591008,0,1.8928606730171827e-05
712642533,0,5.294134395594943e-05
721051908,0,0.0004025993606155085
715503558,0,0.00044908210070341697
709841433,0,0.0006781744171580169
710424408,0,0.004270518648696298
709592808,0,3.906239368860929e-05
788038383,0,0.0040160042647366025
714363858,0,0.00014271617196170478
815015283,0,0.0015044010344902495
771336783,0,0.00012726319780022552
738899658,1,0.9987140199611713
796170933,0,0.025264654438891965
720992883,0,0.00039611317809682507
712238958,0,0.00020710578691086185
718530258,0,0.0008940497490241009
711794358,1,0.9935462954424423
716366208,0,8.82423745126213e-05
770038983,1,0.9989620370616533
709937583,0,3.330608363192338e-05
787623858,0,0.0005045156618610162
711676008,0,0.003908743679119989
812218908,1,0.9995679579083896
720281508,0,6.716009368966256e-05
721139808,0,0.0006340480612372165
709990983,0,0.0011650910571631271
718244958,0,0.0005511209907082755
756639708,0,0.0007736761358679125
718645308,0,5.19108437941714e-05
717389433,0,0.0011942038339686112
779310033,1,0.9999485348704262
717192933,0,0.0004097793196282633
718379358,0,7.387980182668276e-05
779661033,0,6.621424145513352e-05
715880283,0,0.00017063995899721025
719469333,0,0.00021415129809546603
708974283,0,0.0003182731320397496
789859833,0,0.0010517435917119127
772339383,0,0.0012485089963368465
716319258,0,6.829512485946831e-05
720330558,1,0.9996159274773568
789827208,0,0.0003319226047804563
751450008,0,0.0009616962720759683
789791808,0,9.097694285969013e-05
717321783,0,0.0007205810274474346
712549758,0,0.0022213747228098375
712470033,0,0.001045377392184362
719291283,0,9.21955012650258e-05
720413658,0,6.501663744134e-05
709230708,0,0.005207207395661389
708384033,1,0.9812303370768236
715029333,0,0.0006885074063882844
771040758,0,0.0019774677065528814
711635358,0,6.509184403160241e-05
716604633,0,0.0010754643329493221
716438433,0,5.509668273209597e-05
711216933,0,4.523441682362674e-05
713916708,0,0.00023427575543202058
710106933,0,0.0010801349764097262
806189658,0,1.9167845958098926e-05
770632758,0,0.010233659080199308
789238683,0,0.002548765166677321
711873033,1,0.9955094118619221
720384633,0,0.00015898125055990265
712181658,0,7.31323217393544e-05
714957108,0,0.0001307073671228023
720247158,0,0.0019106782544373454
772313358,0,0.00010005248294840396
803652633,0,0.0008291447581147827
771422883,1,0.999798007994396
718009158,0,3.080109846644239e-05
712612233,0,0.00017982029747864252
709901058,0,4.456365171402566e-05
716682258,0,5.624425864057155e-05
711478233,0,0.03356685488855996
720040158,0,0.00047532966354970664
720212508,0,0.00021725335730807645
787605558,0,7.081494047638459e-05
780557658,0,0.005046008253091771
709952658,0,0.0005466217714373439
793379058,0,6.210516542742277e-05
716971833,0,0.0004578393960817657
720997383,1,0.9983473576580224
827111283,0,0.001248088672673497
769396158,1,0.9998582044011441
820085808,0,0.002898048263413428
780349833,0,0.00020226338163255346
715964058,0,9.544034176020975e-05
771903033,0,0.00030032052916167685
802668333,1,0.9987999708341672
718504983,0,0.0024102375873272324
714882258,0,6.184678858223254e-05
714211533,0,0.024936482247094653
720198183,0,0.0008430582099020047
803587533,0,5.632305679652684e-05
720050208,0,0.0006993199887422229
771058908,0,0.0005964719598660602
708971583,0,0.0005728705009146975
788812608,0,0.0007594707819187101
805282908,0,4.8777379525459566e-05
717403158,0,0.0012954628446744086
718418958,1,0.9998644548808466
721374033,0,5.520186341582825e-05
710849208,0,9.812438220072736e-05
771823308,0,0.00047960777845583295
719019483,0,0.0006381176962775023
769927533,0,0.00028689054361561394
718951683,0,0.00014737981713281906
709666908,0,0.0001046903425984624
719857008,0,8.908510641160707e-05
788709408,0,0.00019637539379219963
710641008,0,0.0009127005087856309
815812683,0,0.0005852791943204207
717624708,1,0.9999287840877191
789398733,0,2.8561430562029877e-05
716136333,1,0.9989271024706846
715162608,1,0.9991774561773075
710822808,0,0.0034375184233172125
714147858,0,0.0004667230548277766
767333808,0,0.0003967015185543894
719654283,0,2.900616153562651e-05
766273533,0,0.0003031345870187542
779601783,0,0.00032088836062646697
711370458,0,0.0006484709712514258
715519983,0,5.4148100009665016e-05
788782008,0,0.0012525131463024136
787595658,0,0.0007601109390587334
758211483,0,0.00015384583096350759
710637183,0,0.00010573311013610236
712144158,1,0.9993271627183402
715378383,0,6.0690164516901035e-05
771061008,1,0.9954859427953145
719583558,0,0.0001986945103722106
810986883,0,7.328033235986291e-05
788797983,0,0.0032918729858433353
815104608,0,0.0007050840727021809
715369008,0,0.00024457692535622376
713418558,0,0.0015819969201639889
708332808,0,0.000304333994935551
719729433,0,0.0008190786200852616
789022233,0,0.00021907784787792448
714234858,0,0.0008658755053410029
709170108,1,0.9999516077885641
779727558,0,0.002769326791566078
708245808,0,0.00023531056774553214
778255083,0,0.00018447364453895616
718755483,0,0.0002895152358459151
712627083,1,0.919409749134525
788990508,0,0.00018966430620570012
804437658,0,0.002241926319597911
778430733,0,0.0016632217934652884
808747233,1,0.9990746500478989
710555433,1,0.9907858349268901
708826158,0,0.00011509394462445065
717023508,0,0.00025506484764549676
719694408,1,0.9895131991956433
710014683,0,0.0004075769807041976
815596608,0,5.272974024518197e-05
712721358,1,0.9986955324544158
716870583,0,0.00020004967895369388
780076833,0,6.810888845799234e-05
793616883,0,0.00019777776071977895
789105183,0,0.0005864700341601211
817970208,0,0.00010303064165726253
779844408,1,0.999964821716592
719206308,0,0.0002100343322792235
721269108,0,0.00015018317092589005
772139433,0,0.0001569716200682809
717042333,1,0.9998941874044929
710273658,0,0.0002974824618390416
716626008,0,8.336092803717677e-05
716230158,0,4.0230371249044066e-05
713010483,0,0.00022105908041869288
711220683,0,6.357203976996635e-05
721398858,0,0.0001725130995971511
779400183,0,0.0009006188093373592
789964983,1,0.9994566054372986
715102308,0,0.0002177034945459373
712730583,0,0.0012831897696258074
718870158,0,0.0004732025441653851
719484408,0,0.0011422780932131692
720244983,0,0.0003866536701144051
781306758,1,0.9996341370106451
779412783,0,0.0005576501104616819
721217283,0,0.001288525247675847
815062383,0,0.0003500235304647515
714155283,0,0.0003772661292931881
716981358,0,0.0001680344832284681
824915208,0,0.0002184168052883701
708498033,1,0.9984838361112733
716860233,0,5.0633050767106123e-05
709839858,0,4.579624750401429e-05
713144208,1,0.9997489523454185
708573933,0,6.578862565482566e-05
712579983,0,5.664751239942921e-05
790099758,0,0.0008746401694523814
711305208,0,0.00011876287453773071
720062508,1,0.9994705671442543
708205083,0,0.0004117184036460366
772336458,1,0.9994898814616089
710986758,0,0.00020022855414296483
789271533,0,0.0003435039735754073
711360783,0,0.0005348180047305814
714035283,1,0.9998679539060222
720415833,0,0.00015679449594638016
778873608,0,8.092987070063594e-05
718661958,0,0.001858988333887549
719026383,0,0.0011308416281522787
710229333,0,0.0002847818143358469
720437358,0,0.013321550570590748
811467708,0,0.00021222481606555035
778933983,0,0.00028840537618455506
719413383,0,0.00040965512226884054
718252533,1,0.991386593158597
718188858,0,0.0002592324240566373
711382458,1,0.9982821095970263
721212258,0,3.892786101705508e-05
717600483,0,0.0010568599479576302
761544333,0,0.002311847968303674
809425533,0,0.00023901342610316225
709678608,0,0.00021852393623453855
713151258,0,0.0005169434410087924
715345833,0,0.0008935458592651928
720776508,0,0.0002374501674400867
720689583,0,0.00014968065510460727
801728658,0,0.00050561957382815
718979733,0,0.0007563484155124411
721163133,0,0.0028980841914109947
710595783,0,0.0005526488438711341
714781908,0,0.00012755606228552485
709618308,0,0.00019146510316017526
713971608,0,0.0001505269643221749
718020408,0,8.398491563264391e-05
716513358,0,0.001041620682393005
710401458,0,0.009687538140452045
712177908,0,0.0003484693446692964
719216508,0,5.7613427487061855e-05
711017433,0,0.0007256376630797326
788386908,0,0.00023269581925192064
710819733,1,0.9961575096606871
711978858,0,6.303513172457802e-05
807136758,1,0.9998053118768502
716138958,0,0.0006883391464625709
713070033,0,0.0003707302986610385
827055333,0,0.010364250156105528
827408058,0,0.00017047575742550834
793608258,1,0.999742479896351
717013383,0,9.209581464311026e-05
714320358,0,0.005555248872293379
716948283,0,0.00022118312617101205
717657333,0,0.007616218454193597
788687133,0,0.003150161819946308
710736558,0,0.0006490391720305158
708721533,0,0.0033951556778261016
817108083,1,0.9992719460942707
719737833,0,0.001037059161131317
813967983,0,3.0418522545897075e-05
771464808,0,0.00013208718092173145
713025558,1,0.9934378848063481
779016408,0,0.0007180006118253461
712096758,0,5.692882811212601e-05
789523683,0,0.00018187529535120908
713177808,0,5.672920019609163e-05
718777008,0,0.009743689627578597
711004533,0,0.00018003494233173725
720046458,0,0.0003102263730671222
710453283,0,0.016944231160545338
708736608,1,0.9992427836614205
778908783,0,0.0001236363537139926
716056158,1,0.9999102073163946
773257233,0,0.00010577768605712092
711371208,0,7.70252308238489e-05
711831558,0,6.141274731195045e-05
712164333,1,0.9995695701542253
780126033,1,0.9989966047863639
821889858,1,0.9994688790219814
779656908,0,0.00011724220233805351
766821033,1,0.9898624986219299
789196158,0,0.00620870728469816
714228558,0,0.0004241066362116241
827360883,0,0.0006102383819406691
712815858,0,0.0011901339912265768
714533058,0,1.1740901950089797e-05
790149483,0,0.00016402595732183166
771584658,0,0.00032067217352633364
814181433,0,0.0004042706878972227
788761608,0,0.00016893227458985877
709009833,0,0.0004050601005694198
708244458,0,0.00045928463529438797
797998158,0,9.522545890595387e-05
808279158,0,0.0005707976288390868
804601833,0,0.0006839696268149378
789690483,0,0.0017427725592144552
819109308,0,0.0003346865921510289
739317558,0,6.0093996468738424e-05
721305408,0,0.0008656696842294278
716535408,0,6.780516038180654e-05
719391783,0,0.00017095415394714102
780602733,0,6.783859556045078e-05
789556533,0,0.00014679068129594126
713422083,1,0.998468949958506
721506708,0,0.0008448239444236325
715774833,0,0.0005366239212874423
714962658,1,0.9999373597276446
783561558,0,0.0002993362460628018
826709658,1,0.9997500221283189
790017858,0,0.0005901743094508628
712319958,0,0.0011320997481230445
717483558,0,0.0001748457872356068
713985183,0,0.00020034720448317721
708404883,0,0.007706080227055625
717208833,1,0.9940747700824553
816091608,0,2.628772932892921e-05
709087983,0,0.0014299132539115464
710763783,0,0.0001819806142598322
719018208,1,0.9991352869032986
713976258,0,6.788647948875189e-05
709554483,0,0.00022628555468524037
794485158,0,0.00012469414823321152
718795083,0,5.175322031030466e-05
826451433,0,0.00010095762639272875
826717533,0,0.0002543746294651492
715294083,1,0.9487366485724926
779187783,0,0.00019265920886378364
719513733,0,7.893532812430429e-05
709816158,0,0.005729018579128127
711720408,0,0.00025414641549781217
714960408,1,0.9998608153013132
770746908,0,0.00016847274232237823
716101308,0,0.00035710581527420896
809825358,0,0.00010109072236224926
719826333,0,0.00011908607792775764
710207208,0,0.0004669736027482955
720128658,1,0.996843599451467
780727833,0,0.00150054632938102
802247658,1,0.988740662776478
717787533,0,0.01620334040346428
721115733,0,0.00014884077529079024
709446783,0,0.010651005208140944
784719708,0,0.0003282929955758174
718570158,0,0.006521858955600274
709965858,0,9.677703049166332e-05
757594083,0,0.00014956144268887678
789599283,0,0.00024093779169797604
718947558,0,8.332858177631052e-05
721147383,0,0.00018457489778232863
720683958,0,0.0015225564920977562
780657708,0,0.000693088767475359
713935533,0,6.272788391602425e-05
713948808,0,0.0004370656387613051
715406658,1,0.9995068398417681
772640808,0,0.0003136703121129809
708496833,1,0.9928740305030035
804847308,0,5.15429932289137e-05
716931183,0,1.2242987646793783e-05
714030183,0,0.0029027699790184556
809296308,0,0.0003278721965730159
708358683,0,0.00012490310455843767
794664183,0,0.00012786624164858656
712475733,0,0.011589341323955032
708770883,0,0.0008644317914753088
821339433,0,3.313845106367455e-05
709206333,1,0.9974500197819203
806914158,1,0.9999485647758999
709607733,0,5.4700961154610533e-05
712843983,1,0.9776794102388887
780511683,1,0.9815900932133053
709161108,1,0.9767542357507852
708272808,0,0.0002087242805993013
708680583,0,0.0003853731021471328
708712833,0,0.0011049120268542567
711947358,0,0.00010493629111330268
719634408,0,0.00023835420220884147
718267233,0,0.003249321514078028
715479483,0,0.0024835197040592723
711164508,0,0.00010621703168333312
719294433,0,6.703976088136881e-05
714412308,1,0.9992541547399492
716434533,1,0.9998320393189455
719061933,0,0.0012872017289894647
719091333,0,0.0004881810095626742
716573058,1,0.9995544285339164
740784258,0,2.452266963918693e-05
711863433,0,0.003377445791126664
780529908,0,0.00011827812039124558
715132758,0,8.071196925196603e-05
713934633,1,0.9940809418358967
827423433,0,0.00042535403085682964
708385533,1,0.9981169119060487
789407958,0,0.00017990648542383548
712589658,0,0.0006382034495143745
714759708,0,0.00042423219589909184
826068183,0,0.0006067477445991312
709913733,0,0.004278112347850822
789744033,0,0.0010650681897282446
710926383,0,0.00017893301658420074
714052158,1,0.9996102315005888
714900408,0,0.06461932849762847
787532808,0,3.0636654365945133e-05
802449933,0,0.00016075010086574978
755996583,1,0.9998346135845112
709625733,0,0.00039100024404218746
719686458,0,0.015915951166683207
708642708,1,0.9999687711953796
790082508,0,0.0003377975744937778
713205108,0,4.897844395745273e-05
710838108,0,0.0020510722102144363
714427608,0,3.443344872991254e-05
711655683,0,0.00018014662223206747
826168083,0,0.00013759345193819312
708553008,0,0.04877265267455447
719554758,0,0.00022957503447665518
820383558,0,0.00012749819894078464
817293258,0,0.00021362713857971105
709275558,0,0.0035836294027172897
816078708,0,3.12167650334804e-05
719490108,0,0.004106600903588068
710410158,1,0.851845448299026
813961233,0,7.891397897157622e-05
714259533,0,0.00028179340307230537
713550483,0,0.00040983287324951627
719073483,1,0.995465259222299
710428308,0,4.303518928631546e-05
779340183,0,0.0010563996851306484
788820933,0,1.1977889133542817e-05
798022683,1,0.999372147321383
717273333,0,0.0001901398787240824
713952558,1,0.9270598498795249
712545183,0,0.02091106779691244
789611283,0,0.00037525304092639626
713339283,0,0.00021256303958763558
721032633,1,0.999618684196137
719953383,0,0.0003251295337882388
712814658,0,7.493888321978174e-05
711764733,0,0.002981780069998637
715915458,0,0.00011271522286236771
720712533,0,0.00012911388111421721
709984083,0,8.383098811334907e-05
719268333,0,0.00010021416406363419
790048158,0,0.004943438128651282
717856983,0,0.0007415764992344252
715545933,0,4.799763463992012e-05
709861008,0,0.00025131229842178247
712863183,0,0.000493880592015788
712423233,0,3.305708964600488e-05
711648708,0,0.00013495995647313483
714864333,1,0.9990402384044026
788830683,0,0.0003397981678582939
719358333,0,0.0025236992583939914
789541458,0,6.57297423210617e-05
711589758,0,3.364171342026598e-05
711574008,0,0.0016231300132493313
779548008,0,0.0006598639642297116
801037833,0,0.00022081102629714042
720924633,0,0.006683358369092106
718596858,0,0.009168625603747853
737967708,0,3.94170067073706e-05
798110358,0,0.01724147747087544
789582483,0,2.45275745268082e-05
710529708,0,0.0036246347618322915
789526458,0,0.0014406546787461261
711039633,0,0.010556567122309457
828294933,1,0.9948930993698732
720422358,0,0.00046008329769099156
720252858,0,0.009200217131929976
788966958,0,0.0018392007024099059
714435408,0,0.00014822889119727776
713453733,0,0.0002543433839416066
711208083,0,4.778833380524808e-05
721220583,0,7.413767512690935e-05
720205608,0,0.0002186172181889772
789983133,0,0.0014057749703899596
787581858,0,0.0002845956980703327
708705783,1,0.9880384894462704
717234183,0,0.002975433722126714
808705758,0,4.870586247040685e-05
711183558,0,0.007266123162831901
812979408,1,0.9996635804266821
715354008,0,0.00038507947545722294
721062408,0,0.05076130113045238
712410858,0,9.151191457679419e-05
779116158,0,0.008395266102939884
712866933,0,6.98904732142146e-05
710411358,1,0.9993604353749562
771881283,0,0.00023046619287335528
715363908,0,0.005650785916105107
789560433,1,0.9956206879906012
709752183,0,0.0007291665832107184
807161508,0,0.0019822683428510185
708393633,0,0.0014613598786411234
771886233,0,9.270867527143559e-05
716930133,0,0.00570956324963222
809937933,0,5.255788951541127e-05
816596583,0,0.002549678063099052
718803333,0,0.0003962151935761279
795237183,0,0.00034945560623510696
720419358,0,0.00019439816869092644
719514783,0,0.00011113948986968038
780374133,0,0.00023395700075332055
810868758,0,7.775629948086427e-05
714286383,0,6.0936623308989425e-05
708588408,0,0.0004084658464362979
813338733,0,1.970143979680217e-05
788826408,0,0.00028557589179683987
713134458,0,0.001571259761618391
716350008,0,2.8010621324918847e-05
738062658,0,6.840364332121729e-05
709449333,0,1.268889413578792e-05
718665933,0,0.0009767849025340382
748503708,0,0.0002229343482479068
807141183,0,0.0005428069104196054
766381908,0,6.456302938463116e-05
822112383,0,8.694614254997483e-05
709061658,0,0.0007080337128147691
797166633,0,3.4644344881764005e-05
789435783,0,0.0002909845753778698
708266883,1,0.9990480948093192
716793108,0,0.00027340549472101557
712253058,0,6.592092244553004e-05
716430933,0,5.56748513129985e-05
715746633,0,0.0029606669193232267
714842208,0,6.787558058400135e-05
713879283,0,0.0007925759308316982
778679883,0,0.0006170235087328492
712110333,1,0.9997738571837582
720724008,0,0.00013660179642969474
708387933,0,0.001214947541984963
712165308,0,0.0001575948932719441
720283758,1,0.9971015644219194
708473133,0,0.0006675797990262849
810493458,0,0.0003574944514234929
711122958,1,0.9984258218252107
721502958,0,0.0028355961475127842
715908558,0,0.0012179675598506252
711594858,0,0.00023964185452900053
789513858,1,0.9997224466506281
712795833,1,0.9872050376617688
719628033,0,0.0014376693586203883
718282983,0,8.609748889331116e-05
714121983,0,9.301593420891707e-05
709791333,0,0.00018324320909118182
779916408,0,0.00029968528208126617
711657783,0,0.00016698453432510352
780203883,0,8.825194370202543e-05
709367433,0,0.0012743180512421106
736145283,0,0.00016483332304959535
711516783,0,0.0017493259333447204
712104333,0,0.0006697289394847864
711116133,1,0.9997696486188141
712988958,0,0.00028997289792152375
771201408,0,4.2363823069541085e-05
712011633,0,8.285253551642702e-05
713579733,0,7.400171202982564e-05
796544133,0,0.0006365093147753161
709272333,0,0.00014373555472536425
715153158,0,9.956167735169943e-05
779342958,0,0.0008981487147185138
810545733,0,5.878783866697508e-05
805453908,0,1.7112745285656335e-05
817086783,0,0.0002732843425125374
714943233,0,8.286280970866143e-05
789097833,0,0.00031760924806903716
759584958,1,0.997643979770174
708886533,0,1.604707466000192e-05
708761733,0,0.037104722023487725
711600033,0,0.0011383338738767629
769935783,0,0.0006411185620741823
717446208,0,0.00015570614370844743
721121283,0,0.0001199657343343945
819151083,0,0.0001382581585811438
716470683,0,0.00020293727420426117
779643858,0,0.0010456571504125231
787665258,1,0.9993873674368492
787475433,0,0.0008345235552478952
717448383,1,0.9974417294815539
710812533,1,0.9998163502286135
716461683,0,8.678905761039737e-05
814571058,0,0.00032778499760688796
712071708,0,0.009881373876971902
720769533,0,0.0018506425987512504
794581533,0,0.0001409640357843491
715732533,1,0.9531610400425129
708286683,0,8.790246042601982e-05
708543258,0,0.00017439148344058103
713809833,0,2.1379985928850927e-05
793636308,0,0.00014797872514751013
789095958,1,0.9972405089209899
757722708,0,0.00015327414312400913
738627708,1,0.999048664365568
820353558,0,0.0013355499158969144
718739508,0,0.02907662586178042
788943333,1,0.9283832700907588
708397008,0,4.051739964852569e-05
711392508,0,0.0005098073651708661
780653208,0,0.00020361768420160695
710251608,0,0.004385478125574681
719354433,0,5.257944202834367e-05
710676483,0,0.0007213626509385649
826414083,0,0.00021305615481271992
720673008,0,0.0013380872273854921
716736858,0,4.89042205343631e-05
715660308,1,0.9990784514854592
785387883,0,0.0006379531745587338
721028283,0,0.0006821849146787568
717797658,0,0.0004928819678846779
712390683,0,0.11736228068834566
717965808,0,0.0013397622439364253
721514883,0,0.00037366735586654527
718477983,0,0.0004985872026083243
719671383,0,0.00041529118317010536
711191808,0,0.001214629758175925
708637758,0,0.0030828423548312648
794675058,1,0.9995197855761064
720508233,1,0.4871331535291662
713094483,0,0.002251674379587799
780064983,0,0.00029973468318771247
710155158,1,0.9988638858894034
710904708,0,0.00011535256665860084
801715383,1,0.9999126324906566
806889633,0,0.0009988482976813387
794831733,0,0.0003393313351112997
712019883,0,0.0004661977876833139
770956158,0,0.00034189098263747456
778386033,0,0.012598699962783119
708147108,0,4.6096398450178234e-05
710310108,0,0.0004039816369380761
771982083,0,0.00026893663694701174
714754533,0,4.707236586138947e-05
717626508,0,0.0001484019776034351
718328283,0,0.0006110238234686726
716739258,0,0.0011927680284517382
714277758,0,0.007807295875547159
720210483,0,0.00018063527400270042
720411183,0,5.587532055698748e-05
711379083,0,2.6051816351526693e-05
798558783,0,1.763533092584468e-05
713363583,0,3.821051486001454e-05
720339558,0,0.0003657451384899992
715008858,0,5.9939969861453054e-05
779037408,0,0.0034638640268682434
721513833,0,9.204285006848072e-05
714311583,0,0.00045474209633555873
797414733,0,0.012042918761963044
716864733,0,0.0004788522425223877
712924383,1,0.9989559426242292
719854008,0,0.004423306990897883
771630783,0,0.00013064478425108022
771471708,0,0.00017466186811074643
769463433,0,0.0005438002140794598
711377808,0,0.0001693898823455407
713133258,0,0.002162980560822376
718162908,0,0.01004495329480002
713257083,0,2.4064462285819758e-05
772687983,0,2.4271747077305968e-05
711535158,1,0.9967119651225913
799700208,0,6.612767647020907e-05
717177783,0,0.0013525438687644617
711402333,0,0.00047113886480009835
714304458,0,0.0009862308930837828
713347608,1,0.9994205241420817
718303683,1,0.9997842386428419
714317058,0,0.0003219463359639793
718152333,1,0.9996591132398864
716385033,0,0.0001901934594773822
720674133,0,0.010266854755623344
719153433,0,4.070447715869133e-05
712765158,0,0.014333363088464335
713229633,1,0.9994205380635093
712256358,0,0.0013111957919057912
717656433,0,0.000126088455505823
771081558,0,6.725792991128806e-05
710702733,0,0.0008432029880081583
779612808,0,0.003107727582981009
713904708,0,2.609194776450142e-05
716546283,0,0.0006000791792032758
711670308,0,0.001475523083654825
710856558,0,0.00012164252965267663
713639958,0,0.004316852200678177
716987358,1,0.999481694619375
720008133,0,0.0001273606802220554
710084883,0,0.00016399389814999782
816476658,1,0.9619375707875475
778486008,0,0.0002947140443215719
769053033,1,0.9998171711556016
716171358,0,0.00011900401828225165
772684833,0,0.0007162997653811823
709485033,0,8.474367596049618e-05
713352183,0,0.0005419204941153789
712557708,0,0.0001877358824633572
821149008,1,0.9987387266708904
711816108,1,0.9998745758686293
712532058,0,0.0007410763789812819
718811058,0,0.00011201543311878222
713696808,1,0.9999367368215843
753233733,0,0.00018350620109612763
717030633,0,0.0003352670972247248
718320933,0,1.7556763352362043e-05
714608583,1,0.9991971519436826
715942683,0,0.00017772429952744325
771356508,0,0.00029525641906723776
711326583,0,0.0022474964086749384
714621183,0,4.660453888737837e-05
712805658,0,0.0003466422469806801
808981608,0,3.552643488350986e-05
718337733,0,0.00020945611954496898
715921758,0,5.78056156323415e-05
779803008,0,5.9210984711205694e-05
717195933,1,0.999970905673227
712562433,1,0.9997424738117039
769578108,0,0.00020853698444480486
715442958,0,0.00022044279101285328
708402333,0,0.0003517988420798801
719334408,0,0.002145894722169398
788246958,0,0.00017679425929580382
780336258,0,0.0005277205215070197
772706283,0,0.00015954087872169868
780684933,0,2.712715914267308e-05
712927383,1,0.9999394824207712
712820208,0,0.00010426840038405155
721434483,0,0.0005821842786451683
720659283,0,0.0005451233853607585
716004258,0,3.62874798531977e-05
713111883,0,0.0006510337670312554
772248408,0,0.0012748279482309402
787492908,0,3.3678201356425394e-05
718227033,0,0.0005354758387698549
711320508,0,6.623326705520712e-05
718828083,0,8.789773820506694e-05
709823733,1,0.9976747395410399
772116408,0,9.755435041987683e-05
717355533,0,3.926998235176286e-05
715932708,0,0.00022141506249222456
719679858,0,0.008398740185418143
772323033,0,0.00017496231309368062
714168183,0,0.0010185546887172465
710719683,0,9.762067390144989e-05
719876808,0,0.0005544101527141698
778894233,0,5.342708167791164e-05
712881483,0,0.07233366067003731
789481233,1,0.9975888131678348
714767508,0,0.00040788693404157487
789144633,0,0.003226489443248465
710635083,0,0.0100451880637035
711557508,0,7.492300971125181e-05
720650208,0,0.0011016789674774797
810856833,0,0.0004048560137047652
712828533,0,0.0935867870846985
714503433,1,0.9999144665127416
817245183,0,1.8832394763687283e-05
709106358,0,0.0009068456838645955
720179883,0,0.0006643342023341483
816756783,0,0.00023765351959123473
812501358,0,0.00024788597213535745
717203958,0,0.00012211862291266578
719661558,0,0.0007456835160105055
716297658,0,0.025122106488090608
756065433,0,0.005954202042002811
717076458,0,0.0033969707929751656
716586408,0,0.000805844856106761
719776608,0,0.014750300544650145
710268858,0,0.00016221302679091196
719400108,0,0.0008628740852945349
715398858,0,0.002330953849671323
717359208,0,4.045803516850492e-05
788595183,0,0.0006732250766724919
772082208,0,0.00011410559138684456
720770883,0,0.0016883301501975448
716263533,0,5.3038898482068e-05
719848008,0,0.0002932828203869679
717073308,0,0.0008413292282738584
716277558,0,0.0055355275251823596
712010358,1,0.9990649243604054
709319658,1,0.9990117628226323
794665608,0,0.004858737311276662
708997833,0,9.112605095240107e-05
717135333,0,0.00029593544743320983
795784008,1,0.9997111670699069
711728208,0,6.721981398466268e-05
737925558,0,0.00017659103308985806
719147208,0,0.00039416927372104484
715941633,0,0.002145846824802058
714078558,1,0.9991212633075062
719453283,0,4.220662642985483e-05
794507133,1,0.9995381669531003
710790258,0,0.0007768840596272822
755953308,0,0.00043986613891857805
712710708,0,0.00167818240178674
717843783,0,0.0003451514511119768
710297133,0,5.5696759370997564e-05
716222808,0,7.933027149643239e-05
714069858,0,0.0015495520894066401
787659483,0,0.0004432117098298145
757167633,0,4.032037405452467e-05
717207408,0,0.0004823276930840888
778224858,0,2.596870263081574e-05
709103358,0,0.00013451776642485133
816829608,0,0.004474284279793477
719838558,0,4.2603807163453275e-05
718161708,0,0.08200254736881443
717382608,0,0.0003903907448707286
711762408,0,2.9876358003561647e-05
811571733,0,0.0030752870563798274
779403558,0,0.00029791278881721684
718399233,0,0.002151064347193749
711343233,0,0.001872740955988577
779536233,0,0.00025885375710012556
718893333,0,0.0001117273294288799
716697708,1,0.9998462491189772
708788583,1,0.9990608752830198
713808633,0,0.00045575386740113154
721210158,0,0.0013065934527889318
789666333,0,0.0001751721544447906
710872233,1,0.6654845514770699
780497958,0,0.0005791363309050782
798047583,0,0.0015660254140024078
817089408,0,0.00011729070845426685
787472283,0,3.9965893892123144e-05
801786483,0,0.0009342387313364154
709040508,0,3.364646839112279e-05
709257708,0,6.314437244079082e-05
753118533,0,0.00015954873517314165
812222208,0,0.0021476642944899564
714187533,0,0.009560997008349708
789180933,0,0.0005919986605729391
718140783,0,0.0005686671750087357
713924283,1,0.962047822638779
713236458,0,0.0005632950985477273
816315558,0,0.0012663956618577405
770135358,0,8.770342440982742e-05
714284358,0,0.00012208868687730066
712965183,0,0.00014072818274928281
713668158,1,0.8495494983925298
784819758,0,0.0001009647845577468
712025958,0,4.9684433364210376e-05
713653983,0,2.6006928040862174e-05
712619808,0,0.0003216245527601448
710086308,0,3.8928570271376e-05
711781233,0,0.0007543005220075423
708254733,0,0.0022687368886522255
788930358,0,0.0008287804720741949
714361083,1,0.9985316279884984
713253858,1,0.999556453963179
771020133,0,0.0026314345588820454
719593608,1,0.9996302273709856
714407058,0,0.0003646768433205389
721282908,0,0.0013551087411465838
771507258,0,0.0004506967732522972
716285358,0,0.00016552444280386818
711985833,0,0.11603949518890264
717182883,0,0.00031157315258155096
714618333,0,8.796353806952552e-05
709443633,0,4.849881441860958e-05
778180158,0,0.00013565371779218806
713755458,1,0.9998405164043187
767269908,0,0.00028743492472614406
778231983,0,3.2665675445067214e-05
769911858,0,0.0003785202977368735
711866358,0,0.00010294769754722216
774437583,0,0.0002584574864463482
711232608,1,0.9995846742663024
721315233,0,4.771930308246525e-05
713401758,0,3.733259525978931e-05
769438608,1,0.9997583657296312
713172408,0,0.00016676072301371645
778425408,0,0.00019154344466225322
718611333,0,6.592609680007504e-05
771400608,0,0.00034460796718439434
719990358,0,0.0006933439419781355
714250908,1,0.9997890657515742
715992558,0,5.6616646790339957e-05
713181558,0,0.000989959979697774
793597833,0,5.155020034440663e-05
816013383,1,0.9998280292933777
715518783,0,0.00020551574714778076
779353083,0,0.0046731703198083525
719881533,1,0.9986300949279238
792864858,0,0.00040659922285736467
808681158,0,0.010141895182051375
717390408,1,0.99006381907917
720551733,1,0.9997385143835462
772273983,1,0.9998980276298695
720648483,0,0.0005895087444881521
721486908,0,0.00044267473617615004
716657058,0,0.00018210135861596196
713630733,0,0.015696100464263212
718586133,0,0.0003224450507487482
717482658,0,0.0003885574103208762
718503108,0,0.0005668266048576758
714148758,0,0.03316422383379855
708902883,0,0.0005697635359792131
771499233,0,8.101066522103643e-05
714113658,0,0.000516438448018703
713231658,0,0.0004903647311202689
708319908,1,0.9996773664316251
715629783,0,0.0001892232862094771
820587258,0,0.001017999912882832
771852483,0,0.000641824723389499
712578933,1,0.9971117657781758
711263058,0,0.00013226329583714973
779405133,0,0.0005016270417054021
716094333,0,7.173592809544009e-05
778837083,1,0.9943185488800598
712434708,1,0.9999082389642278
771431133,0,0.0005431486427207506
709716258,0,9.247831946741525e-05
710464683,0,0.0002679481383376372
787543008,0,0.00014881885259329221
709363383,0,0.00016799349238942078
817988433,0,2.0710217607573027e-05
717189183,0,9.649728719044777e-05
710854008,0,0.003218085067651005
714531108,0,0.00024049760949300739
778420383,0,0.00036550963714788634
809068983,0,0.00039410620916692496
713131158,1,0.9987300415091043
709649958,1,0.9989579403487351
754886958,0,0.00027232713008230284
713476758,0,6.529421237095971e-05
709473708,0,0.0006225788919647795
708190158,1,0.9782691327729532
719813058,0,0.0005883238977193631
708158133,1,0.998972042841188
815826708,0,0.0003628003242578798
712682583,0,0.00020778051882361755
714917583,0,8.927429901074039e-05
711577458,0,0.0004124344992972984
717623583,0,0.0003741253517258118
708899283,0,0.007044319718055031
720249183,0,0.00021969285316421295
718653333,1,0.9999558694789656
721424583,0,0.00010794404334582363
708451233,0,0.0020908790318001154
788122533,0,0.009887403782143894
708298233,1,0.9962123788948123
711935283,1,0.9982788617679415
769892058,0,0.00024027276998158737
717954333,0,0.00026213266978032126
820108008,0,0.00012944836264165596
712840608,0,0.0004631986119445324
817240833,0,0.0005094311416426208
771051783,0,0.002255253539595188
779895108,0,0.000481253776865597
714811533,0,0.0016007733955615082
714945708,1,0.9869521011185596
712925808,1,0.9991734891485614
712302783,0,0.0003977307082708132
710725383,0,0.0001819985407112652
708710283,0,7.994394755082764e-05
708382083,0,0.0017969210649037616
767404083,1,0.9999182020973978
773297508,0,0.0009900944558564715
717478983,0,0.0005689555920604331
709679658,0,7.078883160520919e-05
721427358,1,0.9996652996449708
718178583,0,0.0002079457263304489
718489608,0,0.0006633270656069384
721349883,0,0.005905917534030603
787505133,1,0.9976205549610921
711521958,0,9.289448935002511e-05
708271833,0,0.001415339141297295
711242058,1,0.9990778439853945
718524783,1,0.9983143927279706
715050408,0,0.00043452190614789315
757527033,0,0.002056233906402033
717580458,1,0.9970793636366208
714938733,1,0.9998467126417172
719170683,0,0.0003654993850262505
715347783,0,0.004649468191529175
790108908,0,0.00011915722492154517
789218433,0,0.0010816227696100258
789469083,0,0.0009991571408543701
715797783,0,0.0011522218017652277
713761608,0,0.0005408982680894094
771669183,0,8.86737434703149e-05
779521533,0,2.956524180389742e-05
715554708,0,0.0011786052047754064
767687208,0,3.379105234194436e-05
708655983,0,0.0014392599100673206
720729108,0,0.00026071263827757356
708722583,0,0.00012066204648482619
715371108,1,0.9990837304937009
797238108,0,0.000116524567094736
718640508,0,0.008146445996279193
709487058,0,0.00020252055825914145
712948383,0,0.0005291410245970473
708469533,0,0.00018751390751142283
709104333,0,0.005461265690340297
755420433,0,0.00021269327734365978
718996758,0,0.0004900506098862901
719445633,0,8.51407789533386e-05
709231683,0,0.0007401721145684523
708846183,0,8.573270916376685e-05
826723308,0,4.3924987300869635e-05
710825658,0,0.0001319000490018522
796931508,1,0.9997983238059263
808753758,0,6.26849305423692e-05
789494133,0,0.0014400652892936202
816312633,0,0.003236096455502625
720029508,0,0.0003116168259087953
714971583,0,3.556520740160925e-05
789325008,0,0.00027010385224579086
713287608,0,0.0034132611263553297
754872333,0,0.0022557375074015182
713573508,1,0.999792526569975
718875483,0,6.237417237398303e-05
780237033,0,0.0007768785326945885
710363433,0,0.0005195061070597459
795232683,0,2.8584397490969867e-05
719577258,1,0.9995541552678289
717400533,0,0.007489017725319458
713047608,1,0.997526655706291
716645883,0,5.265691367926241e-05
709707033,1,0.9995857851749457
711112683,0,0.0012688206583684105
799723908,0,3.386677114560636e-05
712290258,0,0.00035503824681628503
710462433,0,4.0183990778860645e-05
812446158,0,0.00028066344387398396
788741733,0,8.883758770805203e-05
780201633,1,0.9996725788085735
713656308,0,0.0038084088448264016
710749458,0,0.00023067335656620465
817142433,0,0.0004582033066441735
789491058,0,0.0064228063604467416
812488608,0,0.00018991110620660467
710563458,0,1.4602404055862326e-05
716013858,0,0.0010490472545208738
717890583,0,0.0002641990682682977
789540108,0,0.00014648516892540352
708753633,0,0.0005547738569837427
772776033,0,0.000761131446856457
751283658,0,0.00030967816423401297
711237633,1,0.9994932534542904
817197333,0,0.02761151150829532
718737708,0,0.0008912649295998339
710507733,0,0.00011040968615531665
712979133,1,0.7089322953214083
717975333,0,0.00039788542254214933
787563858,0,4.2041073554257465e-05
779442783,0,5.6156355454177874e-05
720608658,0,4.439720850235596e-05
714524583,1,0.9989201788424489
713580633,0,0.006139373369358994
712214283,0,3.5853104760860106e-05
720190083,1,0.9999445067193717
718394658,0,0.0003546493659758327
708615183,0,7.65835269931766e-05
827476983,1,0.9798294966698953
803335008,0,0.00012647571312205544
711658758,0,0.00019268031378311107
721232058,0,0.002597661434806527
809599158,1,0.9996115014163182
717127083,0,0.0001503969120424399
709243533,0,4.0198967219533995e-05
711267633,1,0.9996698746342523
809849358,1,0.9987826927532022
720708183,0,0.00014601937042910818
805259733,0,0.0022248863127539136
712660308,1,0.9992613263576433
714296358,0,0.001095963032684785
823578483,0,0.0002088002016726447
709749483,0,0.0001602453312132698
715215108,0,0.0001620284520927937
718415133,0,0.0016635026831442184
710500983,1,0.9865459013551188
714970458,0,6.464719924793956e-05
708931908,0,0.00010528463032289803
749571633,0,0.00028787299776048827
801508383,0,4.3455873627142535e-05
717185658,1,0.9995541014681091
812618883,0,0.0008276371211440642
819002508,0,0.00020190248335253774
710218233,0,0.0006805858709378506
719344608,0,0.004243026489683931
718464258,0,0.0004632618084085005
710512833,0,0.0009402796605205422
718032483,0,8.606750594350934e-05
710159658,0,0.00020819990977193612
715765758,0,0.0009455903969349823
811700058,1,0.958077583444481
806824908,0,6.143458301150663e-05
712428333,0,8.018300350140442e-05
710971908,0,0.00015210022035313413
718011783,0,0.00016920717101417179
721399833,0,0.0001537347616600294
710975883,0,0.0002566591924817908
712420833,0,0.0003651653091690381
803115258,1,0.9996546076143707
721005108,0,4.996260901173405e-05
788610258,0,0.00019952640052552312
716159958,0,0.00035077204653061645
789231858,0,0.0003131253356766998
719123958,1,0.9999398339745458
719337408,0,0.011696988371880657
779486433,0,0.0002279915883486255
817337958,0,0.009498490928060665
712774908,0,0.0015908553178482273
813234108,0,0.0022860200027980497
792524358,0,0.0007471072222166227
719282433,0,0.000278144153901524
720299283,0,3.0457136272391297e-05
709479558,0,0.002257891459859714
716102583,0,0.0014679258387235953
713733633,1,0.9077917365403632
795155433,0,1.948929759396226e-05
711783483,0,5.40152652002554e-05
721532583,1,0.9799914776017729
714753258,0,0.00027578851205162366
721055058,0,0.0004543748347358566
720510333,0,0.00016711298934615792
718146258,0,0.0017941425417537155
715664808,1,0.9996780438691663
719964933,0,0.00017059565536234897
709173108,1,0.9998857402003647
719722308,0,0.001633711833935098
719666283,0,0.0009322511071958067
780006783,1,0.9999463102959287
715601808,0,0.0006274874216164635
769720683,0,7.324772963704861e-05
765692658,0,0.0001891918878339295
717819633,0,4.588544199864209e-05
718699683,0,0.00019779645952316635
797169633,0,0.00030747797751306784
710636208,0,0.00029205383218560376
709309308,1,0.9979956501785379
819690933,0,0.0001341618055473928
711615933,0,0.0005738745328447274
714933783,0,0.000324856576079338
778643733,1,0.9990583890039926
712867983,0,0.013205997851208916
718939083,1,0.9996615634167627
713512308,1,0.9511411325696602
790123983,0,0.00017692732126551705
711153783,0,9.15155491872809e-05
744483633,0,0.0019474687018831793
719971458,0,3.451617826571575e-05
716506083,1,0.9995584140188097
716329383,1,0.9962096737755604
719719158,0,0.0005442555656331478
716107158,1,0.7470379426142759
714477408,1,0.9931069702533076
773146383,0,0.010198518726358581
708635058,0,5.9158491141506444e-05
803421108,0,0.001520632434440422
716210283,0,5.0529603838258275e-05
711315783,0,0.0012432468634418813
712489158,0,0.0010784615627549635
718576908,0,0.00011942705932277664
753208833,0,0.003999619504261151
798546408,0,0.00013142950982325335
827114058,0,0.00022669792040769194
771453033,0,0.003661753249956827
718452633,1,0.9997985317644213
718026858,0,0.00012522601212693415
721181883,0,0.0002524081926759873
717609633,0,0.0002671943650723605
710927733,0,0.00045568569959456603
711551958,1,0.9998213490205254
716365233,0,0.0002864278901183503
783121008,0,5.587689595126051e-05
716780283,0,0.00035148538686727645
718471758,0,0.0003011664821226751
756571983,0,0.01265236213719983
714700158,0,0.00013982935264362226
794191008,0,0.00015443631330406903
711000933,0,3.477694368549903e-05
789025083,0,9.991348451163242e-05
717074283,1,0.998468873689252
714243408,0,0.0005913744548381938
716462658,0,0.002790387995197704
719944458,0,5.9133352295533306e-05
718866633,0,9.516871678105283e-05
714247458,0,0.0001522919009823796
783910008,0,0.00010141795574026444
714294183,1,0.9998943728170699
789530208,0,0.003047539685189287
714389058,0,0.00011761183854160773
772661808,0,2.614608268102681e-05
710135058,0,0.00023385508150262994
716805408,0,2.4472492684609743e-05
789304983,0,0.0018504939234312802
743912958,0,0.00019428662000245384
715311183,0,5.9170754747903665e-05
720264783,0,0.00010026344764206481
788771733,0,2.658125380530185e-05
711724083,1,0.9837676967972994
717628608,0,0.003603685954464867
712319058,0,0.0002656719730489864
772231233,0,0.0016030357392042866
715315008,0,0.0021392559288194593
778853358,0,0.0015758650478935334
714581358,1,0.9998219245649531
710810883,0,0.00010607356733872053
709879458,0,0.00018975493374672562
811970808,0,0.0002522732827760714
720015183,0,0.00012942136611050374
708907833,0,0.00022359490286514392
826261008,1,0.9996480988445348
794682483,0,0.0004383662913478769
708098133,0,0.00022933815076424396
711069483,0,0.0015798151238986225
709537683,1,0.9965248224099927
710770383,0,0.0051230580051194845
809811858,1,0.9995596436760323
772216833,0,0.00020543720078034707
717830583,0,3.036534940569303e-05
713779908,0,0.0003116725341726872
712507758,0,0.0010674206808703839
716093133,0,0.0002976472596566148
817382958,0,0.0002996792047007881
714400308,0,5.714903055056832e-05
789466008,0,0.00024868038661241893
710289783,1,0.9969646943246369
712659408,0,1.619514202516749e-05
788791383,0,0.001049094391002816
709822008,0,0.000237488124122773
816615633,0,0.029887193179628443
718521258,0,0.002281369800189056
713533983,0,0.00023950314262340691
709444983,1,0.999353509782454
717405408,0,0.00013642779011002203
753226158,0,4.2088034354332144e-05
780384483,1,0.9981637260458986
720096558,0,0.0007673374602641518
778567983,0,0.00027825441999852746
711649908,0,6.850979369371407e-05
718038483,0,9.530343778706114e-05
719519058,1,0.9996132661293065
770985633,0,0.0010469894638284833
713600958,0,0.0005626632623990256
719801508,0,2.3259450027266346e-05
713686008,0,0.0003666518355191138
720401658,1,0.9974385266633901
715572783,0,0.0007461907744256138
817908783,0,9.000394042273896e-05
712361583,0,0.0004613059837653369
709108533,0,0.00019430004602178586
718490658,0,0.000757990045703614
790006383,0,0.0039153196871798855
710744433,0,0.00973252781813426
780865308,0,0.004180350298969924
716643033,1,0.9998856508925762
789241308,1,0.9998869654783038
721344858,0,0.006989006546758991
717050883,0,0.00013526320132727305
788979258,0,0.00014665793103656597
719125158,0,0.00976297075933496
709545333,0,0.00023568901182585266
721165608,0,0.00035677477034322077
714652383,0,5.483199985055988e-05
737921733,0,0.07604690797259493
804428958,0,3.476079003892043e-05
720075558,0,0.0025044501886950393
769676358,0,3.58097588315549e-05
716378658,0,0.01846661036735322
714479358,1,0.9944920104481119
712141683,0,0.0013783577776991887
710005683,0,0.00031833840819875137
721228308,1,0.9999390074349882
758833758,0,0.03722874252146459
787565433,0,0.0035122209564763416
780253533,0,0.0018964099411106286
714595983,1,0.999973977369393
709547658,1,0.9997773026030536
711801933,1,0.9998215475657528
715808808,0,0.000618784556066206
711294258,0,0.0002677289688428869
708542283,0,0.0003884403160398601
787514433,0,0.000543659422950938
779773533,0,0.0020868540864444583
807964908,0,6.071553301871032e-05
757753083,0,0.004397476684368904
779331558,0,0.0008984066350743097
799026633,0,0.002465047013689179
719898108,0,0.00013371451628358647
711252258,0,0.00024832863254791625
719724933,0,6.926853923540309e-05
715413483,0,0.00028952670779485145
751518633,1,0.9971686613527811
742552683,0,8.257659647324076e-05
756598833,0,0.0019324335733253732
794562783,0,0.0003888423376335605
779942808,0,0.00029079305275707477
789151983,0,7.386552181043232e-05
779598183,0,0.0001864463337115572
720714933,0,3.4925239631234366e-05
708536283,1,0.9982446948076331
714548733,0,0.00027855837578727395
713796033,1,0.995103290081645
770817783,0,0.0001989836225363638
716032233,0,7.534206130480873e-05
719806233,0,0.00017836991796733845
712835433,0,0.0007246831357943184
713975433,0,0.0004192019165588514
715076358,1,0.9987744845517557
720731808,1,0.8995579017561228
714616308,0,4.6600138387744644e-05
717502083,1,0.9960587565724317
789362058,0,0.00036130514927103295
794530608,0,0.005007964343841056
709007883,0,0.00020320777624621076
709219533,0,0.0009498913461662042
787723758,0,0.00015315798104641767
710968008,0,5.519884611115656e-05
780638958,0,4.661855872861892e-05
716951658,0,0.005259199046656433
715956258,0,0.006335153585389533
785119833,0,0.011064607180804424
710723958,0,0.0006647852372494871
714011358,0,0.0005424192884687805
717724233,0,0.0016727268685920913
754671558,0,0.011631161361544608
794514108,0,0.00032198501177904996
719385558,0,0.007169393471406321
712637283,0,0.00032829936719389275
714222183,0,6.500042013522789e-05
709175208,0,9.014033779738059e-05
717112533,0,0.019080817936781937
714426783,0,0.00012008893204036196
721448283,1,0.9990864340911023
782548758,0,0.00017784743776848885
717561108,0,0.00012038281523190622
720585183,0,0.0012302464578750989
714643983,0,0.00011504027537362943
712291308,0,0.0001354025922311476
713036208,0,0.00014182153810061475
709979583,0,0.0021493885479720396
717517758,0,0.00015364765278521412
717271983,0,2.9578687859213128e-05
718528008,0,0.0002467221249037327
719118708,1,0.998718430628726
708657033,0,3.718757882808721e-05
717489033,1,0.9876577531368242
818926833,0,0.052780971123599446
708338958,0,0.00011175062807616592
827683383,0,0.00028512806873640253
717099408,0,0.0003662385092425581
716878533,0,0.0007102177247584246
797410983,0,0.0004734649047510614
789625383,0,0.0029222863659153953
709701558,0,6.002507105136748e-05
708334158,0,0.0004520532078265585
710638233,1,0.9948815997965244
794496033,0,9.779190692844708e-05
709738008,0,2.416196868046072e-05
808756458,0,0.0001663477712108214
710982858,0,0.000213873851265304
718451133,0,0.00020530862269419538
717991533,0,3.2138193423648364e-05
713104458,1,0.9998499016720611
715783758,0,1.847262958002571e-05
716891583,0,0.0001483248084763159
714557583,0,0.0022150723770920054
714840858,0,0.0002225508921053511
788911458,0,7.909977165004957e-05
712521783,0,0.0015243900258334012
716756133,0,0.00037055021592842904
793550958,0,0.0006416900733263221
768687183,0,0.0001558517098672056
778170633,0,1.5818806718517397e-05
789307833,0,0.0011013571775106011
718291233,0,3.288956292632146e-05
718984533,0,0.00023675036451211394
794293908,0,0.002070677151061855
708829758,0,0.001104332832474872
717016833,0,0.0003323079841779226
711339258,0,0.0003210868675496872
708754833,0,0.0001872642675071205
716773533,0,0.0014597039644856818
788896983,0,0.00012115828401829091
715694433,0,0.0001777326669406636
708403308,0,0.0010329308715003843
715511658,0,4.37415141297213e-05
717327783,0,0.0005304367273965478
717384183,0,0.0005944927669104713
818929158,0,0.0011773079290645218
789539058,0,0.002595655634632256
718357458,0,0.006298603871390135
709530408,0,0.0010303188486841266
826245858,1,0.9934672693640358
716800908,0,0.001114056695168135
714425283,0,0.00012478678119254234
718345233,0,0.15530684464086528
713128833,0,0.011791804119099563
769577358,0,0.00046992181673623885
758824608,0,9.094250655443202e-05
716742483,0,0.0017123818158408513
710905908,0,9.867797887750782e-05
712902483,0,2.8598001063018102e-05
772105608,0,0.0007818061253909176
809951133,1,0.8872875365913125
710015733,1,0.9993236186260316
716893683,1,0.9991961542462895
788808633,0,0.00023923774692630233
714100008,1,0.99793894500627
717211608,0,0.001020161240055964
711008508,0,0.00020938284494321783
712899333,0,0.0051865766416013225
714091983,0,7.372503839801086e-05
802878408,0,0.0017707982367659075
715958583,0,7.081334215713269e-05
716142858,0,0.00035778305117155395
720449208,0,0.00010103724729304821
739021908,0,0.0004323239921321276
817035108,0,0.000398347708839159
718957083,0,9.412034022957918e-05
712084383,0,7.622349621715522e-05
771952683,0,0.00031226639275664785
719782458,0,3.859683248109536e-05
721164483,0,0.00022267448478938107
806989008,0,9.468697896838481e-05
709624533,0,0.0022440603009775072
710570058,1,0.9988274883472771
713114133,1,0.9989412122741621
771224358,0,0.0006409802762721273
809440008,1,0.9999505419997332
785515533,0,0.0014733346782293602
713709258,0,0.0005823407367509155
708104658,0,0.004483907836221223
817958733,0,0.00016192368669001913
721183983,0,0.0002173445481686414
810220833,0,9.902267664576706e-05
713373708,1,0.9997898236515745
715710708,0,1.7534458101391e-05
717443658,0,0.00028137159467538596
717915783,1,0.9982657959146419
779217333,0,8.387592933355268e-05
710794983,0,4.590447877553156e-05
795855258,0,0.0012245759386933944
788719533,0,0.2770581642080344
720782658,0,2.9254640194561522e-05
720034983,0,0.007961074515422521
713536158,0,8.698305024695127e-05
755262933,0,0.004736364170743085
719136183,0,6.660118909359893e-05
715898058,0,0.00030146296972734823
716315508,1,0.999354774660932
788667408,0,0.001845432321787748
768949983,0,0.004224575349022963
778882758,0,7.723983699219567e-05
709465758,0,0.00046079405300671116
719781183,0,0.00022213945225831977
720101658,0,0.007352614040813721
713782608,0,0.00020101646966002597
802101858,0,0.0027355339038279284
708757233,0,8.891363976655222e-05
709711758,1,0.9991078986717559
772000533,0,0.0008508872946449316
720827133,1,0.9998946598554117
789903708,0,0.0001073621949903612
719855958,0,5.3378567042866597e-05
713254983,0,0.0002952695953460624
709120008,0,0.023383383165307144
720927183,0,0.00038105091324685706
716875083,0,0.0011688484675184277
716988633,0,0.00029556288876927104
711553308,0,0.00020053493562777164
788802483,0,3.407312764570021e-05
708908883,0,0.00013563943403565348
712644483,0,0.00021080535561081843
716311683,0,0.0005604805214466279
779707308,0,0.008927814123388077
720595083,0,0.00025263249965969836
715034358,0,0.0002368825589421854
720897783,0,7.214639785503545e-05
826513233,0,0.004747249342097205
826065258,0,0.00043469302961115803
772426383,0,6.566069926043934e-05
717972408,0,0.00016507291799112574
708888633,1,0.9998704501594452
714916758,0,0.0002965212815457549
710888883,0,0.00017991535391508333
717296808,0,0.0006957324892746488
713847858,1,0.9978595264565517
768728508,0,5.871433355011207e-05
762020133,1,0.9998977895538521
710706558,0,0.08733166212979158
709278258,1,0.9904840367355936
710679933,1,0.9778714838338912
713152383,0,0.000459407714921225
771429408,0,0.0003891199053081431
770721858,0,0.000690882986695215
778686408,0,0.00044593809382444344
771682533,0,0.0008005107380089499
712378983,1,0.9678010574984649
714615258,1,0.9996162034609306
713027058,1,0.9997124181221424
789485433,0,3.2961058521126006e-05
716368008,1,0.9746187134745024
771935283,0,0.00019772066420928558
779315508,1,0.9853477761955131
794843883,0,0.00035241028734479254
822084333,1,0.997757357710984
714893733,0,0.0006724026903612044
719474583,0,0.007421843992726163
717141858,0,0.00011835842124383366
712714008,0,0.00010586346779520085
719570733,0,0.0007703691347656573
720980958,0,0.0003086955739456291
720964683,0,0.0012438874293484576
718263108,1,0.9918736716494757
789101883,0,0.0007496208079943699
809292483,0,0.0024212653953705424
778973658,0,0.0007334639597391089
708560733,0,0.0007304830570597446
721171008,0,0.002563041971575452
781297983,0,0.0018823071416492682
778228458,0,0.001025189821230893
797668983,0,0.00028897983046210574
713492583,1,0.999546964273005
715799808,1,0.9994175233948941
711647808,0,0.0003285712554855835
720840108,0,0.00046451800883860983
711349083,0,0.04207474478309231
721247883,0,2.2906300919711594e-05
720497958,0,0.002197309836763325
719466558,0,0.001014476443443426
753220383,1,0.99970818423629
757481283,0,0.0006968734121466177
778506633,1,0.9998910770820545
819634233,1,0.9999007817769372
753795633,1,0.998667646063006
715435758,0,1.553001373114027e-05
772063308,0,0.00021658003401773905
718205283,0,6.973837872389909e-05
720863133,0,0.0002997234452904127
709288383,0,4.8751617728854696e-05
709213458,1,0.999648010044925
708670608,0,0.00018457085676227802
709150608,0,0.004596524935588411
713105508,0,0.0011258263917570835
716303583,0,0.00027175332105434317
787669233,0,0.00013655323997396714
771488583,0,0.0005908790162965522
708269583,0,0.0003399779349853615
779809908,0,8.735669000615652e-05
720973833,0,0.0017021905390279739
720236433,0,0.00018752399093922682
717895833,0,5.840169770229866e-05
718921683,0,0.00012411557131636097
713828208,0,0.003449227822273408
779241783,0,0.0002575519848237928
797241108,0,0.00013753801103949412
716635758,0,0.00042794086039029094
714536208,0,0.007615213010577571
709372608,0,7.227324281949326e-05
769574883,0,0.0885230923066935
718286658,0,7.46731833807724e-05
714839808,0,5.067378070019745e-05
718342158,1,0.9984580193140108
778573233,0,9.25579237835123e-05
715680933,0,0.0003035571838950896
708396033,0,8.399402906837804e-05
713356833,0,0.00233671990191999
814593858,0,0.0002685355510696702
771592458,0,9.394108898578113e-05
827631483,0,0.00016276204187267912
811721133,0,0.0002116632339451249
720443358,0,3.58053905257519e-05
709477233,0,0.00010331779944555301
711942783,0,0.0013623776914990992
768848658,0,0.0007114600664470088
788772708,0,0.00014772044836524665
717109983,0,0.0002070874289544206
712128258,0,0.008450809334075132
720621408,0,0.030079135819956512
710295858,0,0.00011118131310438044
714647808,0,0.0003691951747628304
712374708,0,0.00012249902022371008
715547058,1,0.9999120958005294
720539583,0,0.00045091488956820486
712952283,0,7.293895511394528e-05
710475408,0,0.00013208985662154182
715007583,0,0.00016186364693106616
713061558,0,0.042576562978265106
772288758,0,0.00011934713842895437
713977308,0,1.757138076959086e-05
801064833,0,0.0001603764146946938
708129933,0,0.0005005326135732667
789167658,0,0.0014576009895771094
720286908,0,3.5571600048814356e-05
716565258,0,0.01166729440171111
708564858,1,0.9990855301850333
778895883,0,0.0003257316864959172
709410033,0,0.00046453740205327094
710745633,0,0.0001381412855768702
709008708,0,0.0003952129478000989
714738858,0,2.8358152053567042e-05
713639058,1,0.9999109404534579
719739108,0,0.0017626292810062315
826079508,0,0.00010244996713625901
710795883,0,0.00017752452971050886
710404533,0,0.0003312641546387885
719359458,0,0.00661820642947835
821837958,0,0.0005770748851505268
710691633,0,0.00021115517222040897
779296908,0,0.009198182958923688
710797833,0,0.0004075456276772877
804337233,0,6.146982889108067e-05
713823033,1,0.9998407007718644
720076458,0,0.00012267618580691532
809818008,0,0.00013333412729599127
717376758,0,9.77247983727866e-05
795844983,0,9.221822742376259e-05
789368658,0,0.0013739438804490998
720462633,0,0.00024206808835563326
708938508,0,0.0006686814748929947
709560258,1,0.9923358690227099
717513933,0,0.001125740886443175
711113958,0,0.0009914417913830442
713995233,0,6.249369402838649e-05
717906783,0,0.01244396876630503
716516208,0,0.0005222006691390916
756658083,0,0.0006162452092633449
718692258,0,0.00025888155743192124
719816583,1,0.9974791826759559
787578183,0,2.8764010890344498e-05
788699808,0,0.09108045896848146
809320908,0,0.0005316487833157993
789942033,1,0.9927399984269603
714006333,1,0.994013461123313
710813733,0,0.0006457259960700467
711679533,0,0.002452025778900654
709212183,0,0.000986470229116767
807523008,0,0.0004915236680523809
787480158,0,6.329041928681814e-05
711272058,0,0.00010315417279607077
720033033,0,5.60987621761191e-05
794124708,0,0.0007779936998367589
790164408,0,0.0005259989784041785
714831033,0,0.0019051585103838
718731183,1,0.999392228716976
827888433,0,0.00027075260908937
711992133,0,3.875627791643286e-05
711809283,0,0.0003908789052427774
714574083,0,0.007057475889676247
769189083,0,0.00017665592214895792
711968358,0,9.181862856948483e-05
711750183,0,0.0002487209638151191
716511483,0,0.00038066400284053023
800869758,0,5.009672963592637e-05
715235808,0,8.596079852906325e-05
714199983,0,3.0892751365398076e-05
718540308,0,2.0174251047374197e-05
716460933,0,0.00023750110150342517
780277458,0,7.689916601323216e-05
798011733,0,8.32281403370519e-05
714046608,0,0.0006434290636862089
713396358,0,0.0005452953145068516
714005508,0,0.0003055547346935476
717444558,0,0.0001027237461916927
713905608,0,0.00048135935817791387
711126483,0,0.0022241030178431122
714602658,1,0.9998301563221237
716019333,0,3.472533202890646e-05
714869958,0,3.4469057836443356e-05
778459833,0,0.0004893486909978213
789309558,0,0.017986285230171133
756736008,0,0.0030425675813947773
779883933,0,0.000497644830223291
709343433,0,0.0011473483189598566
806908608,0,0.0004345705402679467
720521808,0,0.002077374130471984
709523508,0,0.0004976027216414893
708373083,1,0.9899785614907293
713325108,0,0.0007318548572862346
819214233,0,0.0013505010362522092
713188383,0,0.0022337626388077374
770778108,0,4.3180697349395314e-05
716610558,0,0.0017101604665256081
715174158,0,0.0006946449254688698
779608083,0,0.0002766392703338632
780200208,0,0.0004607435373529381
718675158,1,0.9993057747829627
817977933,1,0.9982077381196413
755273658,0,6.07263710424824e-05
715022133,0,0.001120338647000166
719804208,0,1.4647015403353039e-05
780056733,0,0.00024089999247129684
780373233,0,0.0002694578539895057
817188408,0,0.00019232858245710112
772073508,1,0.9998813229769279
803805483,0,0.00012402402082422231
717823383,0,0.00030762501180021717
789907533,1,0.9993834853061028
788259558,0,0.00015099894225939215
815515158,0,4.146264051817635e-05
713884458,0,0.001005439899334534
789717708,0,0.00018722876833196658
708160008,0,5.5275993333657674e-05
708702258,1,0.9988190961204244
789023508,0,0.00030886611583197745
719265108,0,0.001838381264335208
813213558,0,0.0008713627983221465
802460433,1,0.999867469842852
717995958,0,0.0001868883431496039
710697408,0,0.00019192392378210478
805458933,0,0.0002968385730994406
713850783,0,0.000668801597827018
713876958,0,0.001019780513496244
718926258,0,0.000572091448453677
717585858,0,0.00013618896600582454
710303208,0,0.0011131733758098317
770647233,0,0.00226944389888263
715459158,0,7.283395639759324e-05
789185508,0,0.002223177997737532
779305008,0,0.0006635466532475426
713343333,0,8.34132679802728e-05
749067633,0,0.0030323219724547696
811713408,0,6.297690909410455e-05
789990333,0,0.0007844839979886678
788770908,0,0.0012402259006693071
709411383,0,0.00011552441488097922
708361833,0,0.0001827906891736598
712801758,0,0.00019313445429792092
721179708,0,0.0002405745358947553
708511983,0,0.00012848191139883027
711388458,0,0.0006583021309099941
720486408,0,0.0015495362142955104
709157133,0,0.00039166553763030244
712240083,1,0.9998331110664262
782802033,1,0.9993118646533168
712091433,0,0.00024136866009455548
720494058,0,0.0003165592781076119
710277183,0,2.9759817355491067e-05
789804933,0,0.00013044564292771617
719022558,0,2.6454216925490518e-05
714573258,0,0.002776829241956189
709919283,0,0.00038008979818740784
716481408,0,0.001385646711061867
719038008,0,0.0017121450169430017
793456983,0,0.00015777983757666567
720597108,1,0.9990635933988421
715233108,0,2.3319510324606763e-05
709220583,0,0.006367053013208808
779324358,0,0.02532605357120779
712112733,0,0.00017168806398195762
714443058,1,0.9997578541964026
711109908,0,0.00033772413808613104
717464958,0,0.0034075983150141935
713701533,0,0.00015339495157880225
772565883,0,4.20547938343928e-05
758765808,1,0.5031381166927551
716851908,0,0.00040151368534224193
721500108,0,0.00011228516155890985
820268358,0,3.0465672569589134e-05
717171408,0,0.007073604467919154
713567958,0,0.0005314414831176326
716512383,0,0.014408336872911681
713008308,0,0.0012541489373781398
780942633,0,0.0009530777047094482
716249508,0,0.00010350767105865631
714909108,0,0.0015130322279807722
778708533,1,0.9996943365971505
772725408,0,0.00012388256466321196
709534083,1,0.9998035581657123
817144458,0,0.00024787059830948396
807157833,0,2.89782554837987e-05
716371308,0,0.0014561320303051592
716332533,0,0.0004130247573264188
716924958,1,0.9992108557289832
720904233,0,0.0007454948250608943
711964533,0,0.00033874082668760213
788715483,0,3.5708393027255466e-05
788832033,0,0.000489664339236972
716022258,1,0.9991073088144482
712208658,0,0.0001962943544929502
710482533,0,0.0002199727952800082
717661908,0,8.994781464624987e-05
720254883,0,0.0003980539089960068
719532108,0,0.023045697147946347
779610033,1,0.997753624153288
819977058,0,3.9836469804972367e-05
772202058,0,0.0007776942592644033
717658758,0,0.0004446490902445141
720467583,0,3.833153610704421e-05
713314533,1,0.9976016271059107
719318583,1,0.999667979397969
789122808,1,0.9967693964861213
708525108,0,2.4835969842112312e-05
779662308,0,0.0006231838067135136
717180633,0,0.002794946438051933
713000058,0,0.007006329360951476
709747308,0,7.253543383203621e-05
712235433,1,0.9989003760340163
712405908,0,0.00014944990749666775
778885158,0,0.0001068342307018768
789143283,0,7.56074822858867e-05
721233033,1,0.9993790415447401
718486608,0,0.00010256570917673965
713249883,0,6.324106311067272e-05
797743233,0,5.121567493351779e-05
778346283,0,0.00391846076932848
721113333,0,0.0013105494670627618
720707283,0,0.014633752941788439
788997408,0,0.0005538915099904771
710456658,0,0.00015180419700138532
808796208,0,0.00019811510978587316
713685033,1,0.9996957655043861
788912658,0,0.00039066134229870944
712157958,1,0.9924135072617948
711148308,0,0.00041924638056184383
719117433,0,0.006111475648172403
